Stage,Time (s)
Data Loading and Preprocessing,0.03135800361633301
Model Building,2.568777322769165
Model Training,5206.717032194138
Model Evaluation,61.11423325538635
Prediction,0.0
