Stage,Time (s)
Data Loading and Preprocessing,0.01
Model Building,2.785968542098999
Model Training,1211.3483197689056
Model Evaluation,16.684591054916382
Prediction,337.94965839385986