Stage,Time (s)
Data Loading and Preprocessing,0.06097292900085449
Model Building,0.7086668014526367
Model Training,34.58123803138733
Model Evaluation,2.9316508769989014
Prediction,3.9509902000427246
